id,sent1,sent2,label,annotation1,annotation2
1,"""It was a little bit embarrassing the way we played in the first two games,"" Thomas said.","""We're in the Stanley Cup finals, and it was a little bit embarrassing the way we played in the first two games.",0,Correct  missing the attribution....but these cases seem borderline...,Thomas said -> 0; 0 -> We're in the Stanley Cup finals;
2,The commission estimated California lost $937 million to corporate tax shelters in 2001.,California's lost tax revenue was mostly due to international corporate tax shelters.,1,Correct  To me this is borderline correct.  We dont have the part about the commission estimating the loss.  but generally the meaning that it lost tax revenue to corp. tax shelters seems about the same.  some minor numerical deletions from s1 to s2.,A has more details; arguably not a paraphrase;
3,Board Chancellor Robert Bennett declined to comment on personnel matters Tuesday.,"Mr. Mills declined to comment yesterday, saying that he never discussed personnel matters.",1,Incorrect  Not sure how this is annotated as a paraphrase!  Robert Bennett != Mr. Mills,*not a paraphrase; different names;
4,The three grocery chains were relying on store managers and replacement workers to keep their stores open.,"The supermarket chains have used managers and replacement workers to keep their stores open, often at reduced hours.",0,"Incorreect  Seems semantically equivalent to me, save for the added information, but seems superfluous",*should be a paraphrase; 0 -> often at reduced hours;
5,"""We put a lot of effort and energy into improving our patching process, probably later than we should have and now we're just gaining incredible speed.","""We've put a lot of effort and energy into improving our patching progress, probably later than we should have.",0,Correct  Borderline - additional information makes this sentence seem cause and effect - like it is set up for that second clause.,A contains more than B; and now we're just gaining incredible speed -> 0;
6,"Benchmark Treasury 10-year notes gained 17/32, yielding 4.015 percent.","The benchmark 10-year note was recently down 17/32, to yield 4.067 percent.",0,"Correct  Meaning difference - s1 goes up, s2 goes down.  And numbers are off.",gained -> was ... down (opposite meaning);
7,"Pacific Northwest has more than 800 employees, and Wells Fargo has 2,400 in Washington.","It has 800 employees, compared with Wells Fargo's 2,400.",1,Correct  Due to anaphora (it) - which MT systems won't get right.,anaphoric reference;
8,"Every Thursday, a grains management committee meets in the Commission's agriculture directorate to decide the outcome of a weekly export tender.",A grains management committee normally meets each Thursday in the Commission's agriculture unit -- another target of Wednesday's raids -- to decide the outcome of a weekly export tender.,0,"Incorrect  This really should be marked as a paraphrase, just some crazy alternations.  Seems like the only difference is ""another target of Wednesday's raids"" but is that really changing the meaning that much?  OK re-reading this, I don't know, this seems borderline in the semantic equivelance case - not sure if this is really changing the meaning a whole lot.",A contains more than B; another target of Wednesday's raids -> 0;
9,"Several thousand 3rd Infantry troops, including the 3rd Brigade Combat Team based at Fort Benning in Columbus, began returning last week.","A few thousand troops, most from the division's 3rd Brigade Combat Team based at Fort Benning in Columbus, began returning last week, with flights continuing through Friday.",0,"Incorrect  Seems semantically equivalent to me, save for the added information, but seems superfluous",B contains more information than A; Several -> a few; 0 -> with flights continuing through Friday;
10,Kodak expects earnings of 5 cents to 25 cents a share in the quarter.,Analysts surveyed by Thomson First Call had expected Kodak to earn 68 cents a share for the quarter.,1,"Correct / Incorrect (generic tag reduction)  Under MSRP guidelines with the generic tags reduced, this is correct.  But system doesnt have reduction so it marks at as not a paraphrase, which would also be correct.",not a paraphrase; B contains more information; numbers do not match;
11,"Dewhurst's proposal calls for an abrupt end to the controversial ""Robin Hood"" plan for school finance.","The committee would propose a replacement for the ""Robin Hood"" school finance system.",1,"Incorrect  s1 has Dewhurst (one person), while s2 has a committee.  s1 says the proposal calls for an end to the plan while s2 proposes a replacement - that's semantically different to me.",Dewhurst's proposal > 0; calls for an abrupt end to -> would propose a replacement for;
12,"Added Mr. Prodi: ""Maybe, but the old age helps us to understand our strengths and our weakness.""","""Maybe, but the old age helps us to understand our strength and our weakness and the reality of the world.",0,"Correct  I guess if we call removing the attribution as changing the meaning, then yes MSRP is correct, though the underlying statement is semantically equivalent.",Added Mr. Prodi -> 0; 0 -> and the reality of the world;
13,"Police said the suspected Marriott suicide bomber was Asmar Latin Sani, 28, from the island of Sumatra.","A sibling also identified Sani, 28, who was from the island of Sumatra, police said.",0,"Correct  No mention about the suicide bomber.  System thinks it is a paraphase because of enough other words and phrases outside the ""suspected Marriott suicide bomber"" --- actualyl I am surprised that this is marked as paraphrase by the system, the sentences are kind of short.",not a paraphrase; the suspected Marriott suicide bomber -> 0;
14,"Bulger's brother is now on the agency's ''10 Most Wanted'' list, sought in connection with 21 murders.","Bulger's brother, a former FBI informant, is now on the law enforcement agency's ""10 Most Wanted"" list.",0,"Incorrect  I think the general gist of s1 and s2 are the same, the other information doesn't change things all that much?",A and B each have extra material; sought in connection with 21 murders -> 0; 0 -> a former FBI informant;
15,"The Food and Drug Administration rejected ImClone's 2001 application to sell Erbitux, citing shoddy research.","The U.S. Food and Drug Administration rejected ImClone's original application in December 2001, saying the trial had been sloppily conducted.",1,"Correct  surprised system doesn't get this, but shoddy research probably is hard to match with trial sloppily conducted (tough paraphrase)",not a paraphrase; shoddy research  != the trial had been sloppily conducted;
16,"To put it very simply, Antetonitrus is Brontosaurus's older brother, hence the name.","Antetonitrus was brontosaurus' older brother, hence the name.",1,Correct  Not sure why system gets this wrong.,"A has intro. adverbial; To put it very simply, -> 0;"
17,"Police believe Wilson shot Reynolds, then her mother once in the head before fatally turning the gun on herself.",Police believe Wilson then shot Jennie Mae Robinson once in the head before turning the gun on herself.,0,"Correct  s1 is about Reynolds + plus, s2 is only about the mom, so different facts represented.  I think system gets it right because there is so much word overlap...infact just Reynolds and then JMR are different.",different names; Reynolds -> Jennie Mae Robinson;
18,Stocks dipped lower Tuesday as investors opted to cash in profits from Monday's big rally despite a trio of reports suggesting modest improvement in the economy.,Wall Street moved tentatively higher Tuesday as investors weighed a trio of reports showing modest economic improvement against an urge to cash in profits from Monday's big rally.,0,"Correct  Lot of words in common but there is that difference between ""dipped lower"" and ""moved tentatively higher"" - semantic difference",*not a paraphrase (opposite in meaning); Stocks dipped lower -> Wall Street moved tentatively higher;
19,"""If we could do that throughout the world, we could end terrorism,"" he said.","This is a hospital that treats everybody as people, and if we could do that throughout the world, we could end terrorism.""",1,"Correct  Anaphora. I think s1's ""that"" refers to the first part of s2 but in a different sentence.  So yeah a paraphrase, but hard for a system to get right which looks as much overlapping material as possible.",was judged a paraphrase by their anaphora criterion; 0 -> This is a hospital that treats everybody as people;
20,"While waiting for a bomb squad to arrive, the bomb exploded, killing Wells.",The bomb exploded while authorities waited for a bomb squad to arrive.,0,Correct  missing key part - Killing Wells.  Lot of material the same.,probably should be judged a paraphrase by overlap criterion; killing Wells -> 0; short sentence;
21,"The bodies of some of the dead, pulled out from under the train, were laid out beside the tracks while emergency services brought in wooden coffins.","The bodies of many of the dead, pulled from under the partially derailed train, were laid out by the tracks awaiting identification.",0,"Correct  Lot of overlap in the first 2/3, but s1 is about wooden coffins, s2 is abou waiting identification.",emergency services brought in wooden coffins -> 0; 0 -> awaiting identification;
22,"Stripping out the extraordinary items, fourth-quarter earnings were 64 cents a share compared to 25 cents a share in the prior year.",Earnings were 59 cents a share for the three months ended May 25 compared with 15 cents a share a year earlier.,0,Correct  System was way off!  Not sure how it got this wrong.  Maybe small 3-gram sequences were enough to call it paraphrase?,numbers do not match;
23,"The House voted 425 to 2 to clear the bill, the first of 13 that Congress must pass each year to fund the federal government.",The bill is among the first of 13 that Congress must pass each year to fund the federal government.,0,"Incorrect  Information is the same - first of 13, Congrass pass, fund federal government.  The original sentence simply has the voting numbers.",A entails B; The House voted 425 to 2 to clear the bill -> 0;
24,A tropical storm rapidly developed in the Gulf of Mexico Sunday and was expected to hit somewhere along the Texas or Louisiana coasts by Monday night.,A tropical storm rapidly developed in the Gulf of Mexico on Sunday and could have hurricane-force winds when it hits land somewhere along the Louisiana coast Monday night.,0,"Correct  The meaning is slightly different - first sentence is about where the storm hits, the second one seems more about the caliber of the storm.",B has more information than A; 0 -> could have hurricane-force winds;
25,"Lacy's last column, filed from the hospital, appeared in Friday's editions.",Lacy's last column appeared in Friday's edition of The Afro.,0,"I don't know!  The system marks this as a paraphrase because of last column, appeared, friday, etc. But s1 has ""filed from the hospital and editions"" and s2 has ""The Afro""",short sentence; filed from the hospital -> 0;
26,"The victim, whose name was not released, underwent surgery at the hospital.","The wounded doctor, whose name was withheld, underwent surgery at the hospital for three gunshot wounds.",0,"Borderline / Correct  This is an anaphora issue...is the victim = the wounded doctor?  oterwise, the facts of name being withheld and undergoing surgery at the hospital are all the same except for three gunshot wounds.",anaphoric reference; 0 -> three gunshot wounds;
27,"The blue-chip Dow Jones industrial average .DJI added 38 points, or 0.42 percent, to 9,165.","The Dow Jones Industrial Average [$INDU] ended at session highs, gaining 64.64 points, or 0.7 percent, to 9,191.09.",1,"Incorrect (generic tag redution)  I don't think this is a paraphrase because s2 has a session high which s1 does not have.  Numbers are all off so system will not mark this as a paraphrase, which I think is correct.",not a paraphrase; numbers do not match;
28,"The military said it had killed 12 rebels and captured nine in the campaign so far, for the loss of six soldiers wounded.","The military said it had killed 16 rebels and captured nine in the campaign so far, with one soldier killed and six wounded.",0,"Correct  I am not sure why this is marked as not para byt the humans if the numbers are xx'd out.  But maybe the ""old soldier killed"" makes a difference?  System thinks it is a paraohrase - there is a ton in common.",numbers differ; 0 -> with one soldier killed;
29,"Richard Miller remained hospitalized after undergoing a liver transplant, but his wife has recovered.","Richard Miller, 57, survived a lifesaving liver transplant but remains hospitalized.",0,"Correct  Not sure about this one, but I feel this additional information - ""his wife has recovered"" is a bit heavier than additional information like dates or ages. ???",A has more information; remained hospitalized -> survived; but his wife has recovered -> 0;
30,"Expenses are expected to be approximately $2.3 billion, at the high end of the previous expectation of $2.2-to-$2.3 billion.","Spending on research and development is expected to be $4.4 billion for the year, compared with the previous expectation of $4.3 billion.",1,"Correct / Incorrect (generic tag reduction)  MSRP annotation is ""correct"" given the guidelines to ignore numbers.  But when numbers are included, the system says incorrect, which is right.",not a paraphrase; numbers are different; expenses -> Spending on research and development;
31,"Critics say the law violates civil liberties, something House Judiciary Committee Chairman James Sensenbrenner, R-Wis., says he is sensitive to.","House Judiciary Committee Chairman James Sensenbrenner, R-Wis., says he is sensitive to civil liberties complaints.",0,"Correct  s1 is about Sensenbrenner agreeing with critics, s2 is saying what he is sensitive to.  It's subtle but I think different enough.  A lot of the material is overlapping so system gets it wrong, tough.",A contains more than B; Critics say the law violates civil liberties;
32,"Gyorgy Heizler, head of the local disaster unit, said the coach had been carrying 38 passengers.","The head of the local disaster unit, Gyorgy Heizler, said the coach driver had failed to heed red stop lights.",0,"Correct  s1 is about specifying the number of passengers, s2 is about why the accident happened.  System sees the first half and then coach and that probably is enough overlap to push it over the edge.  The non-overlapping part makes all the difference in the semantics.",carrying 38 passengers -> 0; 0 -> failed to heed red stop lights;
33,"Get it all out,"" says Howard Davidowitz, chairman of Davidowitz & Associates, a national retail consulting firm based in New York City.","Innocent or not, ""she's damaged goods,"" said Howard Davidowitz, chairman of Davidowitz & Associates, a national retail consulting firm in New York.",0,Correct  quotes by Davidowitz are different.  But material describing his background dominate the sentence and system thinks it is a paraphrase.,*not a paraphrase; quoted material is different;
34,"The three men have pleaded not guilty and their lawyers have asked the High Court to dismiss the charges, saying the state has failed to present a solid case.","Defense lawyers asked the High Court to dismiss the charges, saying the state has failed to present a solid case.",0,"Correct  subtle - there is a lot of text in common, but that remaining but is subsumption",A contains more information; The three men have pleaded not guilty -> 0;
35,"""Americans don't cut and run, we have to see this misadventure through,"" she said.","She also pledged to bring peace to Iraq: ""Americans don't cut and run, we have to see this misadventure through.""",0,"Correct  important information issue with ""pledged to bring peace to iraq""",B contains more than A; She also pledged to bring peace to Iraq: -> 0
36,"Ultimately, she will earn more than the $900,000 that Kenny Perry got for winning the PGA Tour event.",But she'll earn more than the $900000 (about R7.5-million) Kenny Perry got for winning.,1,Correct  Not sure why system doesn't get this - inclusion of too much other material like R7.5mil and PGA tour event?  But this material doesn't change the meaning.,the PGA Tour event -> 0; 0 -> (about R7.5-million);
37,"""I had no direct interest and Craxi begged me to intervene because he believed the operation damaged the state,"" he told a packed courtroom during a 45-minute address.","""I had no direct interest, and Craxi begged me to intervene because he believed that the operation damaged the state,"" Mr. Berlusconi said.",0,"Incorrect  Anaphora with Berlusconi, and 45min address is superfluous.  Everything else is almost exactly the same.  System gets it right",A contains extra material about place and time; a packed courtroom during a 45-minute address -> 0;
38,"In two weeks, he'll probably send out Peace Rules in the Preakness.",Frankel said Peace Rules will run in the Preakness Stakes on May 17.,1,"Incorrect?  Not sure about this one, I think this requires lots of world knowledge to get right.  But there is a difference between sending out peace rules and sayign he will run.",in two weeks -> on May 17; send out -> will run (requires general knowledge);
39,The CGT warned of prolonged industrial action unless Raffarin agreed.,The large CGT union warned France of lengthy industrial action.,0,Correct  Missing semantic difference of unless Raffarin agreed.  Everything else pretty much the same so it trips up system.,short sentence; unless Raffarin agreed -> 0; 0 -> warned France;
40,"Last year, he made an unsuccessful bid for the Democratic nomination for governor.","He ran last year for the Democratic nomination for Texas governor, but lost the primary to multimillionaire Tony Sanchez.",1,"Correct  ?  Not sure if the Tony Sanchez information difference should make this semantically different, I guess the main point that he lost last year is maintained.  System doesn't call it paraphrase because",B contains more than A; 0 -> but lost the primary to multimillionaire Tony Sanchez;
41,"Lowe's, with about half as many stores, reported a 33 percent increase in third-quarter profit behind a 12 percent jump in same-store sales.",Home Depot reported a 22 percent jump in third-quarter profit behind a nearly 8 percent rise in same-store sales.,0,"Correct  Numbers AND store are wrong, but general template is the same - tripping up system.",names are different; Lowe's -> Home Depot; numbers do not match; with about half as many stores -> 0;
42,The daily Hurriyet said the raid aimed to foil a Turkish plot to kill an unnamed senior Iraqi official in Kirkuk.,"The daily Hurriyet said the raid aimed to foil a Turkish plot to kill an unnamed senior Iraqi Kurdish official in Kirkuk, but Gul has denied any Turkish plot.",0,Correct  s2 adds additional information (Causality),B subsumes A; 0 -> but Gul has denied any Turkish plot
43,He said the FDA was hoping Congress and the courts would bring clarity to the situation and some financial relief to consumers.,He said FDA hopes Congress and the courts will bring clarity to the situation and some financial relief to consumers - perhaps before the 2004 elections.,0,"Correct  I guess the date sort of makes it different?  But for the most part, the sentences are matched almost exactly save for that extra phrase.",B contains more than A; 0 -> perhaps before the 2004 elections;
44,"Of 24 million phoned-in votes, 50.28 percent were for Studdard, putting him 130,000 votes ahead of Aiken.","Of the 24 million phone votes cast, Studdard was only 130,000 votes ahead of Aiken.",0,"Incorrect  This seems borderline to me.  The content is the same, but not sure if the 50.28% is enough of a difference to knock it to non-paraphrase as originally annotated.",arguably a paraphrase; A contains more than B; 50.28 percent -> 0;
45,"This is America, my friends, and it should not happen here,"" he said to loud applause.","""This is America, my friends, and it should not happen here.""",0,Incorrect?  Missing the attribution?,an exact copy of a quotation; he said to loud applause -> 0;
46,"State Democratic Chairman Herman Farrell, who is also chairman of the state Assembly's Ways and Means Committee, seemed perfectly happy to make it a political fight.","State Democratic Chairman Herman Farrell, who is also chairman of the Assembly's Ways and Means Committee, supports the Legislature's budget plan.",0,Correct  Yeah there is enough intention difference here: perfectly happy to make it a political fight vs. supports Legislature's budget plan.  I think the programs get tripped up because there is such strong direct overlap in the first 66% of the sentence.,seemed perfectly happy to make it a political fight -> 0; 0 -> supports the Legislature's budget plan;
47,"Thirty-three of the 42 men had been arrested by Wednesday evening, said Daniel Bogden, U.S. attorney in Nevada.","Thirty-four of the men have been arrested and the others are being sought, US Attorney Daniel Bogden said yesterday.",0,"Correct  number of men are different, date is missing and others being sought are missing.  There are a lot of fragment overlaps, but subtle differences change the meaning.",33 -> 34; 42 -> 0; minor differences;
48,"Hilsenrath was also indicted on 33 counts of wire fraud, which each carry a maximum penalty of five years in prison, a $250,000 fine and restitution.","Each of those counts carries a maximum penalty of five years in prison and a $250,000 fine plus restitution.",0,"Correct  Yeah these are not semantically equivalent, I agree with annotation.  That first part is just not captured and actually makes a difference in the meaning I think, this one is tough for a system given all the other subsumption things it has to deal with.",A contains more than B; Hilsenrath was also indicted on 33 counts of wire fraud -> 0;
49,"The valid signatures of 897,158 registered California voters must be collected and turned in to county election officials by Sept. 2.","To force a recall election of Davis, the valid signatures of 897,158 registered California voters must be turned in to election officials.",0,"Incorrect  The date hasn't made a difference in other sentences, I feel this is really splitting hairs.",B contains more information than A;  0 -> To force a recall election of Davis;
50,"The Coast Guard airlifted the survivors to Bartlett Regional Hospital, Wetherell said.","Soon after, a Coast Guard helicopter landed and took the men to Bartlett Regional Hospital, Mills said.",1,Incorrect  This could be correct but the survivors --> men is a sort of tough inference for a system to make.  But the attribution is off...Wetherell is replaced by Mills.,airlifted -> helicopter landed and took; different names;
51,"And of those, 149, or 55%, ""claimed to treat, prevent, diagnose or cure specific diseases.""","And of those, 55 percent, or 149, claimed to treat, prevent, diagnose or cure specific diseases -- despite the regulations prohibiting that kind of statement.",0,"Correct  this is borderline for me, but I guess that second clause changes the semantics enough.  How come the MT metrics like this?  This is a lot of new material that is added to the sentence.",B contains information not in A; 0 -> despite the regulations prohibiting that kind of statement;
52,Several states and the federal government later passed similar or more strict bans.,"Following California's lead, several states and the federal government passed similar or tougher bans.",0,"Incorrect  Not sure why this is marked as not a paraphrase, seems ok with me.  Does California make that big of a difference?  Maybe this is the casaulity thing.",arguably a paraphrase; 0 -> Following California's lead;
53,I'm never going to forget this day.,"I am never going to forget this throughout my life.""",1,Incorrect  s2 doesn't have what should be forgotten.,short sentence; 0 -> throughout my life;
54,"The security official's backup couldn't fill in because he was on active military duty, Strutt said.","The security official's backup was on active duty, and the lottery association didn't have a replacement in New Jersey, Strutt said.",0,"Incorrect  This is like the Liza Minelli example on p.12 - some minor information added, but still counts as a paraphrase.  The information added here is the lottery association, which I bet could be found in another sentence in the original sentence's context.",B has more information than A; 0 -> and the lottery association didn't have a replacement in New Jersey;
55,These are real crimes that hurt a lot of people.,"""These are real crimes that disrupt the lives of real people,"" Smith said.",1,"Incorrect  This is an annotation inconsistency - in other examples if the attribution was not included, it would be marked as NotPara by the humans.  I guess the quote is more or less a paraphrase, though ""hurt a lot of people"" and ""disrupt lives..."" may be a tough para for a sytsem to get.",very short sentence; B contains more information than A; 0 -> Smith said;
56,The other semifinal between Guillermo Coria of Argentina and Martin Verkerk of the Netherlands is also compelling.,"The other, much less likely semifinal will match seventh-seeded Guillermo Coria of Argentina against the unseeded Dutchman Martin Verkerk.",0,"Correct  chunks of first sentence are correct, but the other part changes things (is also compelling vs. much less likely semifinal)...",between -> will match; is also compelling -> 0; B has more detail in the description of the individuals (named entity recognition could help);
57,"The broad Standard & Poor's 500 Index .SPX gained 22.25 points, or 2.23 percent, to 1,018.22, based on the latest available figures.","The broad Standard & Poor's 500 Index .SPX gained 11.22 points, or 1.13 percent, at 1,007.19.",1,"Depends (Correct) - difference between annotation and system analysis   If you remove all the numbers, then yeah these are direct paraphrases.  But the system doesn't do that and so sees a big difference, which is the correct thing to do.  Under the MSRP annotation guidelines these are paraphrases, but if numbers were not xxx'd out, then it wouldn't be a paraphrase.",not a paraphrase; numbers do not match;
58,Aiken's study appears in the Sept. 24 issue of the Journal of the American Medical Association.,The findings appear in Wednesday's Journal of the American Medical Association.,1,Correct  System gets this wrong because this requires a lot of inference:  Aiken;s study --> findings Sep 24 issue --> Wed issue,anaphoric reference;
59,"""The integration is exceeding almost every expectation we set for ourselves,"" Mr Roberts said on Thursday.","It's manageable, and the integration is exceeding ""almost every expectation we set for ourselves.""",0,"Correct  I guess if we call removing the attribution as changing the meaning, then yes MSRP is correct, though the underlying statement is semantically equivalent.",A contains the speaker and time; matching quotations;
60,"He urged Congress to ""send me the final bill as soon as possible so that I can sign it into law.""","""I urge Congress to quickly resolve any differences and send me the final bill as soon as possible so that I can sign it into law,"" he said.",0,Incorrect  I think this is pretty much the same thing.  The resolve differences phrase shouldnt make that much of a difference.  System will mark as a paraphrase because a majority of the text is the same.,arguably a paraphrase; 0 -> quickly resolve any differences;
61,They certainly reveal a very close relationship between Boeing and senior Washington officials.,The e-mails reveal the close relationship between Boeing and the Air Force.,1,CORRECT  anaphora: they --> emails named entity: Washington officials --> Air Force,A is more specific; anaphoric reference; senior Washington officials -> the Air Force;
62,The leading actress nod went to energetic newcomer Marissa Jaret Winokur as Edna's daughter Tracy.,"Marissa Jaret Winokur, as Tracy, won for best actress in a musical.",1,"Correct  Lots of difficult transformations for a system.  ""leading actress nod"" --> ""won for best actress""  for example.",leading actress nod went to -> won for best actress in a musical;
63,Tennessee Titans quarterback Steve McNair apologized Thursday for his arrest hours earlier in Nashville on suspicion of drunken driving and illegal possession of a handgun.,Tennessee Titans quarterback Steve McNair was arrested Thursday and charged with drunken driving and possession of a handgun.,0,"Correct  One is about the apology, the other is about the act.  Lot of words in overlap, but subtle difference that may be hard for a system to get.",apologized for -> 0; A entails B;
64,"Federal and local officials, including Bush, saw no apparent sign of terrorism.",Federal officials earlier said there is no evidence of terrorism.,1,"Correct  Some minor differences: ""local officials"" is dropped and ""including Bush"" is dropped.  So the original sentence subsumes the second.",short sentence; including Bush -> 0; no apparent sign -> no evidence;
65,"Security experts are warning that a new mass-mailing worm is spreading widely across the Internet, sometimes posing as e-mail from the Microsoft founder.","A new worm has been spreading rapidly across the Internet, sometimes pretending to be an e-mail from Microsoft Chairman Bill Gates, antivirus vendors said Monday.",1,"Correct  Lots of transformations - inclusion of security experts, mass-mailing, widely --> rapidly, pretending --> posing, founder --> Bill Gates.  security-experts --> antivirus vendors.  probably all these transformations nudge the classifier from calling this paraphrase.",Security experts -> antivirus vendors (requires world knowledge); posing as -> pretending to be; word order;
66,Others keep records sealed for as little as five years or as much as 30.,Some states make them available immediately; others keep them sealed for as much as 30 years.,0,Borderline...but I guess incorrect since who knows if others = states (though the anaphora issue was waived for other examples I saw).  But little as five years vs. immediately is a big difference.  Much of the sentences are similar except for these few words so I can see how the system can call it paraphrase,as little as five years -> 0; 0 -> make them available immediately;
67,"Scrimshaw, Supervisor, Best Minister and Ten Most Wanted are expected to complete the Belmont field.","Best Minister, Scrimshaw, and Ten Most Wanted all had workouts on Monday morning.",0,Correct  s1 is about who will be competing and s2 is about the fact they had workouts.  The sentences are short so the names in the first half push things over the edge for the system?,??
68,"""Tomorrow at the Mission Inn, I have the opportunity to congratulate the governor-elect of the great state of California.","""I have the opportunity to congratulate the governor-elect of the great state of California, and I'm looking forward to it.""",0,Borderline  I could go either way on this one - correct or incorrect.  I can see how a system would call this a paraphrase since 2/3 of the sentence is almost exactly the same.,Tomorrow at the Mission Inn -> 0; 0 -> and I'm looking forward to it;
69,Prosecutors did an about-face in May and asked that the autopsy reports be unsealed after portions of Conner Peterson's autopsy report favorable to the defense were leaked to the media.,They asked that the autopsy reports be unsealed after portions of the autopsy report on Peterson's unborn son that were favorable to the defense were leaked to the media.,0,Not sure  I guess the differene is the about-face part in the beginning?  Everything else is really the same...,anaphoric reference; did an about-face in May -> 0; Conner Peterson -> Peterson's unborn son;
70,"The other 24 members are split between representatives of the securities industry and so-called ""public"" board members.","Of the 24 directors who are not exchange executives, half are representatives of the securities industry and half are designated public members.",1,Correct  Difficult transformations with half and split.,split between -> half are ... and half are; who are not exchange executives -> 0;
71,"The women said those rape victims who did come forward were routinely punished for minor infractions while their assailants escaped judgement, prompting most victims to remain silent.",The women said victims of rape who came forward routinely were punished for minor infractions while their assailants escaped judgment.,0,Correct  s2 misses the causality part...it's like the first part sets up the second.  Too much material overlap otherwise.,B contains less than A; prompting most victims to remain silent -> 0;
72,"In recent years, Hampton kept in touch with friends and stayed in trouble: He faced charges of fare-beating and credit card theft.","In recent years, Mr. Hampton continued to run into trouble, facing charges of fare-beating and credit-card theft.",0,"Incorrect  I think kept in touch with friends isn't that big of a deal, unless it is implied that these friends kept him in trouble, but would really need the context to figure this out.  I think under the circumstances it's ok for the system to mark this as a paraphrase.",kept in touch with friends -> 0;
73,"Besides Hampton and Newport News, the grant funds water testing in Yorktown, King George County, Norfolk and Virginia Beach.","The grant also funds beach testing in King George County, Norfolk and Virginia Beach.",0,Correct  I am guessing there is a difference between water testing (s1) and beach testing (s2).  System thinks this is a paraphrase because last half is basically the same save for that one water --> beach transformation.,probably should be judged a paraphrase by overlap criterion; Besides Hampton and Newport News -> 0;
74,"""Our strong preference is to achieve a financial restructuring out of court, and we remain hopeful we can do so,"" chief executive Marce Fuller said.","""Our strong preference is to achieve a financial restructuring out of court,"" Mirant CEO Marce Fuller said in a prepared statement early Friday.",0,"Incorrect  These seem pretty similar - main part of the quote is exactly the same, attribution is the same, conjunction of ""and we remain hopeful we can do so"" doesn't change much for me.",matching quotations; and we remain hopeful we can do so -> 0; 0 -> in a prepared statement early Friday;
75,Police using pepper spray arrested 12 people Monday night at a march and rally by about 400 activists protesting an annual training seminar of the Law Enforcement Intelligence Unit.,Police used pepper spray and rubber bullets to disperse a downtown march and rally last night by activists protesting an annual police intelligence-training seminar.,0,"Correct  Meaning difference - this is subtle for a machien to get - s1 seems to be more about the arresting of 12 people, while s2 is about the dispersing of the crowd.  Talking about the same event but different spins on it.  So a lot of the words are of course overlapping, but not semantically equivalent.",A contains more details;
76,"Penn Traffic's stock closed at 36 cents per share on Wednesday on Nasdaq, up two cents.","Penn Traffic stock closed Wednesday at 36 cents, up 2 cents, or 6.2 percent, from Tuesday's close.",0,Incorrect  Numbers are all right and dates are all right but the system marks this as a paraphrase which I think is totally fine.  Not sure why humans marked this as not a paraphase,"probably a paraphrase; 0 -> or 6.2 percent, from Tuesday's close;"
77,"During the hearing, Morales expressed ""sincere regrets and remorse"" for his actions.","Morales, who pleaded guilty in July, expressed ""sincere regret and remorse"" for his crimes.",0,Incorrect  Information differences don't seem to really change semantic content.,B contains more than A; 0 -> who pleaded guilty in July;
78,"The report forecasts there will be 71,079 hot spots worldwide this year, up from just 14,752 in 2002 and 1,214 in 2001.","The report also claims that there will be up to 9.3 million visitors to hot spots this year, up again from the meagre 2.5 million in 2002.",0,"Correct  Not sure why system gets this as a paraphrase, the number are all off, though the basic sentence template is pretty similar.","the numbers differ; and 1,214 in 2001 -> 0;"
79,The Episcopal Diocese of Central Florida became one of the first in the nation Saturday to officially reject the national denomination's policies on homosexuality.,The Episcopal Diocese of Central Florida voted Saturday to repudiate a decision by the denomination's national convention to confirm a gay man as bishop.,1,Incorrect  I think s1 is more general than s2's specific repudiation claim.  I think system is right to call this non-para.,one of the first in the nation -> 0; officially reject -> vote to repudiate; policies homosexuality -> a gay man as bishop (requires general knowledge);
80,"Russian stocks fell after the arrest last Saturday of Mikhail Khodorkovsky, chief executive of Yukos Oil, on charges of fraud and tax evasion.","The weekend arrest of Russia's richest man, Mikhail Khodorkovsky, chief executive of oil major YUKOS, on charges of fraud and tax evasion unnerved financial markets.",0,"Incorrect?  I think we could easily find examples where inference would link fragments like ""russian stocks fell"" to ""unnerved financial markets"".  I think the system marking this as a paraphrase is fine.",arguably a paraphrase; Russian stocks fell after -> unnerved financial markets;
81,Ohio Attorney General Jim Petro hailed the appellate court ruling.,"Ohio Attorney General Jim Petro was pleased by the ruling, spokesman Mark Gribben said.",1,Correct ??  Again the attribution difference is ignored.  have to inference that the ac ruling in s1 is the ruling in s2.,hailed -> was pleased by; appellate court -> 0; 0 -> spokesman Mark Gribben said;
82,"Anything less is unacceptable,"" said Gordon, the ranking Democrat on the House Space and Aeronautics subcommittee.",Gordon is the senior Democrat on the House Subcommittee on Space and Aeronautics.,0,"Correct  System is way off here.   The gist of s1 is what Gordon said, which isn't in s2 ""Anything less is unacceptable""   But there is a majority of other material there that is highly overlapped to overrule the four words not in s2.","B is missing a quotation; Anything less is unacceptable,"" said Gordon -> 0;"
83,Wal-Mart estimates more than 100 million Americans visit their stores every week.,"Each week 138 million shoppers visit Wal-Mart's 4,750 stores.",1,Correct  Tough inference and sentence transformation.  more than 100mil ~ 138 mil for example.,not a paraphrase; Americans -> shoppers; numbers do not match;
84,The work appears in the Oct. 22/29 issue of the Journal of the American Medical Association.,The study appears in Wednesday's Journal of the American Medical Association (news - web sites).,1,"Correct (reduced number issue)  I guess Oct 22/29 --> wed is reduced for the humans, but not for the system.",work -> study; Oct. 22/29 issue -> Wednesday's;
85,"On May 1, he crawled through a narrow, winding canyon, rappelled down a 60-foot cliff and walked some six miles down the canyon.","He crawled through a narrow, winding canyon, rappelled down a 60-foot cliff, and walked some six miles down the canyon near Canyonlands National Park in southeastern Utah.",0,Incorrect  I feel this is a paraphrase: throw out the date and the exact location and everything is exactly the same.,arguably a paraphrase; B contains more detailed description; 0 -> near Canyonlands National Park in southeastern Utah;
86,"""In so many different ways, the artistry of black musicians has conveyed the experience of black Americans throughout our history,"" Bush said.","Surrounded by singers from Harlem, Bush said: ''The artistry of black musicians has conveyed the experience of black Americans throughout our history.",0,"Incorrect  I think this is ok, the other information doesn't add so much...",probably should be considered paraphrase; In so many different ways -> 0; 0 -> Surrounded by singers from Harlem
87,"The new analysis found that 32 of the 16,608 participants developed ovarian cancer during about 5 years of follow-up.","The new analysis found that 32 of 16,608 participants developed ovarian cancer in about 5 1/2 years of follow-up, including 20 women taking hormones.",0,"Incorrect  Subsumption - s2 adds 20 women taking hormones, but that doesn't change the meaning too much for me....well could go either way.  gray area.",B has more information than A; 0 -> including 20 women taking hormones;
88,Both are being held in the Armstrong County Jail.,Tatar was being held without bail in Armstrong County Prison today.,0,"Correct  Surprised that the system gets this right.  I guess the sentences are so short and ""<be> being held in Armstrong Country Jail/Prison"" outweighs the other changes?",very short sentence; Both -> Tatar; 0 -> without bail;
89,The Herald reported on Tuesday that internet developer Bruce Simpson was building a missile from parts ordered over the internet and shipped through Customs.,A home handyman is building a missile in his garage with parts bought over the internet and shipped through Customs.,1,"Correct  The first half does not overlap, need inferencing to tie them together.",*not a paraphrase; internet developer Bruce Simpson -> A home handyman;
90,The women said victims of rape who came forward routinely were punished for minor infractions while their assailants escaped judgment.,"The women said victims of rape who came forward were routinely punished for minor infractions while their attackers escaped judgment, prompting most victims to remain silent.",0,"Correct  There seems to be this casaulty effect with s2's additional phrase, whcih s1 does not ahve.  System calls it paraphrase because 80% of this long sentence overlaps strongly.  So subtle meaning difference?",B contains more than A; prompting most victims to remain silent; [I've seen this sentence pair before]
91,"Navistar shares were down 44 cents, or 1.1 percent, at $41.19 on the New York Stock Exchange after falling as low as $39.93.",Navistar shares rose a penny to $41.64 at late afternoon on the New York Stock Exchange after earlier falling as low as $39.93.,0,"Correct  Not sure why we get this wrong, a bunch of the numbers are off.  But maybe enough is in common to push it over the edge.",numbers do not match; were down != rose;
92,"Lawmakers at the closed-door hearing focused on the National Intelligence Estimate reports on Iraq's chemical, biological and nuclear weapons programs.",Lawmakers on the House panel will question intelligence analysts at the closed-door hearing about the factors that went into compiling the National Intelligence Estimate reports on Iraq's weapons programs.,1,Incorrect  I feel these two are semantically different.  s1 focuses on stating what the lawmakers focus on.  s2 says specifically that they will question what they are focusing on.  Maybe I am splitting hairs too much on this.,"on the House panel will question intelligence analysts -> 0; chemical, biological and nuclear -> 0;"
93,The supercomputer is actually an eServer and storage system with a peak speed of 7.3 trillion calculations per second.,It's a cluster of 44 IBM servers with a peak speed of 7.3 trillion calculations per second.,1,"Correct  Anaphora - inferencing between ""supercomputer...storage system"" --> it  . This one is wicked hard for a system and requires massive amounts of world knowledge.",anaphoric reference; an eServer and storage system -> a cluster of 44 IBM servers;
94,The launch marks the start of a new golden age in Mars exploration.,The launch marks the start of a race to find life on another planet.,1,"Incorrect  I feel this should not be a paraphrase, a new golden age for Mars is a bit different from find life on another planet, I think there is some majoring inferencing going on.",not a paraphrase; new golden age in Mars exploration -> race to find life on another planet;
95,"""It would be completely irresponsible to reverse course and kill country-of-origin labeling,"" said Daschle.","""It would be completely irresponsible to reverse course,"" said Senate Democratic Leader Tom Daschle, of South Dakota.",0,Incorrect  extra information doesn't change meaning.  i think the system is right.,named entity recongition could match name in A to name + description in B; and kill country-of-origin labeling -> 0;
96,"Site Finder has been visited 65 million times since its introduction, Galvin said.","Through Sunday, Sept. 21, Site Finder has been visited over 65 million times by Internet users.",1,"Correct  Hard inference - have to know that the introduction = Sunday, Sep 21.  That's really hard for a system.",Galvin said -> 0; since its introduction -> since Sept. 21;
97,The case comes out of Illinois and involves a for-profit company called Telemarketing Associates Inc.,"The case decided Monday centered around an Illinois fund-raiser, Telemarketing Associates.",1,"Correct  I guess this is a paraphrase, the gist is that there is a case which involves an Illinois company called Telemarketing Associates so the different information in s1 and s2 doesn't really change that.  This is problematic for a system since the only things in common are a few words - case, TA, Illinois....",comes out of -> 0; for-profit company -> fund-raiser;
98,"Licensing revenue slid 21 percent, however, to $107.6 million.","License sales, a key measure of demand, fell 21 percent to $107.6 million.",1,"Correct  Not sure why system does not get this right.  Though numbers are matched, slid and fell are in different places and a key measure of demand is in the middle which s1 doesn't have.",B contains material not in A; 0 -> a key measure of demand;
99,"Mr Pollard said: ""This is a terrible personal tragedy and a shocking blow for James's family.","Nick Pollard, the head of Sky News said: ""This is a shocking blow for James's family.",0,"Incorrect  Subsumption - there is the missing material of ""terrible personal tragedy"" in s2, but for me, removing this doesn't change the overall semantics.",named entity recognition might help; 0 -> the head of Sky News; a terrible personal tragedy -> 0;
100,Higher courts have ruled that the tablets broke the constitutional separation of church and state.,The federal courts have ruled that the monument violates the constitutional ban against state-established religion.,1,Correct  Lots of transformations   higher courts --> federal courts tablets broke --> monument violates separation --> ban church/state --> state-established religion,tablets -> monument; broke ... separation of church and state -> violates ban against state-established religion;
